{"nKW":false,"nN":{"k":9.199780488481904E307,"v":[]},"v":4.731359479646398E307}