{"nKW":true,"nN":{"k":-5.94738299631062E307,"v":[[],[]]},"v":4.654340854991561E307}