{"d_iK":[{"wg8t0b5tzk":null,"eNsMdY":1.2791316910229391E307},{"wg8t0b5tzk":[],"eNsMdY":1.2775516877602225E308},{"wg8t0b5tzk":[],"eNsMdY":4.958049563613159E307}]}