{"nKW":true,"nN":{"k":-6.879111902146637E307},"v":-4.713859948693978E307}