{"rx":[{"e6KxB4JRgG":-5.004790408710148E307},{"e6KxB4JRgG":1.0747518431297381E307},{"e6KxB4JRgG":-7.717698805833524E307}]}