{"rx":[{"e6KxB4JRgG":1.5223856943159105E308},{"e6KxB4JRgG":3.551615916832995E307},{"fvtwL5zfE":-1023954313}]}