{"dlSGBi":{"u":{"wGlWm":{"s9Qm3":1.0282390269480693E308},"cPelRoWn":false},"s9Qm3":-4.821557988617804E307}}