{"u0otsXF7h":-926970216,"w6v":[-3.98844911431228E307,1.157171339977272E308,7.758614075713002E307]}