{"n":[{"wg8t0b5tzk":[],"eNsMdY":1.388805901991419E308},{"wg8t0b5tzk":[],"eNsMdY":8.129433295618121E307}]}